67.8683,20.19902,Point01,KirunaStation
67.87012,20.19708,Point02,
67.87299,20.19014,Point03,
63.8177,20.29344,Point04, UmeaStation
